Anarchy,Anarchy_SexyPIG,Anarchy_yureka,Anarchy_suk,Anarchy_Esth3r
AfreecaTV_ROYAD,Afreeca_benz,Afreeca_ruliweb,Afreeca_Tapel,Afreeca_bneck
KONGDOO_REDDOT,KD_FordMustang,KD_style,KD_Merald,KD_evermore
AfreecaTV_Unbelievable,Afreeca_nungil,Afreeca_somaz,Afreeca_cold,Afreeca_pinE
Team_kakaoTV,kakao_YachaGO,kakao_BLACKBEAN,kakao_Chapelier,kakao_Para
433,433_Xerape,433_taemin,433_FitU,433_bubble
Team Destroy,TD_SikiLL,TD_DestroySenpai,TD_rorichan,TD_Arc
Sunsister_Unknown,SST_U_CiNVe,SST_U_gabha,SST_U_Sabrac_,SST_U_Wesker
Buhidou_Gaming,BDG_SeaKingJAWS,BDG_Takomayo,BDG_Rapiacta,BDG_kendesu
Sunsister_Suicider's,SST_S_CrazySam,SST_S_fiachan,SST_S_Spyderaaaa,SST_S_Molis
iFTY,iFTY_APLUSVABLE,iFTY_TKzhun,iFTY_Kcoo,iFTY_IIIsa
OMG,OMG_LINDA,OMG_m4gololx,OMG_Ivan,OMG_HM
4AM,4AMGodv_Cherry,4AMALuKa_Cherry,4AMNB211_Cherry,4AMGodL_Cherry
Armani,Armani_tongk,Armani_karlxigua,Armani_big,Armani_FTD-FQ
wNv,wNv_Yangyao_MSI,wNv_Dec-20th_MSI,wNv_AiDi_MSI,wVv_GoodBoy_MSI
Panda,Panda_ADV07R,Panda_Bigcousin,Panda_FFF,Panda_small2
MiTH,MiTH_CigaretteS,MiTH_MinORu,mith_tanx,Mith_Ezqelusia
5peaks,5peaks_YAS,5peaks_HipsterD,5peaks_LanS,5peaks_LeanderVB
KIZUNAAI,KiZ_Rookie,KiZ_F1nkY7,KiZ_Maying,KiZ_shoroi
Team_Viper,VIPER_kulir,VIPER_fable,VIPER_blvsnitch,VIPER_acekal
