KD_evermore,KD_FordMustang
OMG_m4gololx,OMG_Ivan
Panda_FFF,Panda_ADV07R
wNv_AiDi_MSI,wVv_GoodBoy_MSI
4AMALuKa_Cherry,4AMNB211_Cherry
Mith_Ezqelusia,MiTH_MinORu
433_Xerape,433_bubble
Afreeca_nungil,Afreeca_pinE
Armani_karlxigua,Armani_big
BDG_kendesu,BDG_Rapiacta
SST_S_Spyderaaaa,SST_S_Molis
SST_U_gabha,SST_U_CiNVe
Anarchy_SexyPIG,Anarchy_yureka
KD_style,KD_Merald
OMG_LINDA,OMG_HM
mith_tanx,MiTH_CigaretteS
TD_DestroySenpai,TD_SikiLL
kakao_BLACKBEAN,kakao_Para
wNv_Yangyao_MSI,wNv_Dec-20th_MSI
kakao_YachaGO,kakao_Chapelier
TD_Arc,TD_rorichan
Afreeca_ruliweb,Afreeca_Tapel
BDG_Takomayo,BDG_SeaKingJAWS
5peaks_HipsterD,5peaks_LanS
KiZ_F1nkY7,KiZ_Maying
433_taemin,433_FitU
iFTY_Kcoo,iFTY_APLUSVABLE
Panda_small2,Panda_Bigcousin
Armani_FTD-FQ,Armani_tongk
iFTY_TKzhun,iFTY_IIIsa
Anarchy_suk,Anarchy_Esth3r
5peaks_LeanderVB,5peaks_YAS
SST_S_fiachan,SST_S_CrazySam
KiZ_Rookie,KiZ_shoroi
Afreeca_somaz,Afreeca_cold
4AMGodv_Cherry,4AMGodL_Cherry
SST_U_Wesker,SST_U_Sabrac_
Afreeca_breakneck,Afreeca_benz
